rank,illustration_id,card_name,total_printings,set_code,set_name,deck_name,released_at,digital,promo
1,146aaae4-93f4-409a-be32-010e86d137da,Sol Ring,43,v10,From the Vault: Relics,,2010-08-27,,
1,146aaae4-93f4-409a-be32-010e86d137da,Sol Ring,43,cmd,Commander 2011,,2011-06-17,,
1,146aaae4-93f4-409a-be32-010e86d137da,Sol Ring,43,c13,Commander 2013,,2013-11-01,,
1,146aaae4-93f4-409a-be32-010e86d137da,Sol Ring,43,vma,Vintage Masters,,2014-06-16,1,
1,146aaae4-93f4-409a-be32-010e86d137da,Sol Ring,43,c14,Commander 2014,,2014-11-07,,
1,146aaae4-93f4-409a-be32-010e86d137da,Sol Ring,43,c15,Commander 2015,,2015-11-13,,
1,146aaae4-93f4-409a-be32-010e86d137da,Sol Ring,43,pz1,Legendary Cube Prize Pack,,2015-11-18,1,
1,146aaae4-93f4-409a-be32-010e86d137da,Sol Ring,43,c16,Commander 2016,,2016-11-11,,
1,146aaae4-93f4-409a-be32-010e86d137da,Sol Ring,43,cma,Commander Anthology,Commander Anthology: Heavenly Inferno,2017-06-09,,
1,146aaae4-93f4-409a-be32-010e86d137da,Sol Ring,43,c17,Commander 2017,,2017-08-25,,
1,146aaae4-93f4-409a-be32-010e86d137da,Sol Ring,43,cm2,Commander Anthology Volume II,Commander Anthology II: Mind Seize,2018-06-08,,
1,146aaae4-93f4-409a-be32-010e86d137da,Sol Ring,43,c18,Commander 2018,,2018-08-10,,
1,146aaae4-93f4-409a-be32-010e86d137da,Sol Ring,43,c19,Commander 2019,,2019-08-23,,
1,146aaae4-93f4-409a-be32-010e86d137da,Sol Ring,43,plst,The List,,2019-11-07,,
1,146aaae4-93f4-409a-be32-010e86d137da,Sol Ring,43,c20,Commander 2020,,2020-04-17,,
1,146aaae4-93f4-409a-be32-010e86d137da,Sol Ring,43,znc,Zendikar Rising Commander,,2020-09-25,,
1,146aaae4-93f4-409a-be32-010e86d137da,Sol Ring,43,cmr,Commander Legends,,2020-11-20,,
1,146aaae4-93f4-409a-be32-010e86d137da,Sol Ring,43,prm,Magic Online Promos,,2020-12-15,1,1
1,146aaae4-93f4-409a-be32-010e86d137da,Sol Ring,43,khc,Kaldheim Commander,,2021-02-05,,
1,146aaae4-93f4-409a-be32-010e86d137da,Sol Ring,43,c21,Commander 2021,,2021-04-23,,
1,146aaae4-93f4-409a-be32-010e86d137da,Sol Ring,43,afc,Forgotten Realms Commander,,2021-07-23,,
1,146aaae4-93f4-409a-be32-010e86d137da,Sol Ring,43,mic,Midnight Hunt Commander,,2021-09-24,,
1,146aaae4-93f4-409a-be32-010e86d137da,Sol Ring,43,voc,Crimson Vow Commander,,2021-11-19,,
1,146aaae4-93f4-409a-be32-010e86d137da,Sol Ring,43,nec,Neon Dynasty Commander,,2022-02-18,,
1,146aaae4-93f4-409a-be32-010e86d137da,Sol Ring,43,ncc,New Capenna Commander,,2022-04-29,,
1,146aaae4-93f4-409a-be32-010e86d137da,Sol Ring,43,clb,Commander Legends: Battle for Baldur's Gate,,2022-06-10,,
1,146aaae4-93f4-409a-be32-010e86d137da,Sol Ring,43,plg22,Love Your LGS 2022,,2022-07-01,,1
1,146aaae4-93f4-409a-be32-010e86d137da,Sol Ring,43,dmc,Dominaria United Commander,,2022-09-09,,
1,146aaae4-93f4-409a-be32-010e86d137da,Sol Ring,43,brc,The Brothers' War Commander,,2022-11-18,,
1,146aaae4-93f4-409a-be32-010e86d137da,Sol Ring,43,scd,Starter Commander Decks,,2022-12-02,,
1,146aaae4-93f4-409a-be32-010e86d137da,Sol Ring,43,onc,Phyrexia: All Will Be One Commander,,2023-02-10,,
1,146aaae4-93f4-409a-be32-010e86d137da,Sol Ring,43,moc,March of the Machine Commander,,2023-04-21,,
1,146aaae4-93f4-409a-be32-010e86d137da,Sol Ring,43,cmm,Commander Masters,,2023-08-04,,
1,146aaae4-93f4-409a-be32-010e86d137da,Sol Ring,43,woc,Wilds of Eldraine Commander,,2023-09-08,,
1,146aaae4-93f4-409a-be32-010e86d137da,Sol Ring,43,lcc,The Lost Caverns of Ixalan Commander,,2023-11-17,,
1,146aaae4-93f4-409a-be32-010e86d137da,Sol Ring,43,mkc,Murders at Karlov Manor Commander,,2024-02-09,,
1,146aaae4-93f4-409a-be32-010e86d137da,Sol Ring,43,m3c,Modern Horizons 3 Commander,,2024-06-14,,
1,146aaae4-93f4-409a-be32-010e86d137da,Sol Ring,43,mb2,Mystery Booster 2,,2024-08-02,,
1,146aaae4-93f4-409a-be32-010e86d137da,Sol Ring,43,pfdn,Foundations Promos,,2024-11-15,,1
1,146aaae4-93f4-409a-be32-010e86d137da,Sol Ring,43,fdc,Foundations Commander,,2024-11-15,,
2,c6230ffb-dd2c-4a2c-aeaf-13ba42c89472,Terramorphic Expanse,39,tsp,Time Spiral,,2006-10-06,,
2,c6230ffb-dd2c-4a2c-aeaf-13ba42c89472,Terramorphic Expanse,39,10e,Tenth Edition,,2007-07-13,,
2,c6230ffb-dd2c-4a2c-aeaf-13ba42c89472,Terramorphic Expanse,39,m10,Magic 2010,,2009-07-17,,
2,c6230ffb-dd2c-4a2c-aeaf-13ba42c89472,Terramorphic Expanse,39,hop,Planechase,,2009-09-04,,
2,c6230ffb-dd2c-4a2c-aeaf-13ba42c89472,Terramorphic Expanse,39,h09,Premium Deck Series: Slivers,,2009-11-20,,
2,c6230ffb-dd2c-4a2c-aeaf-13ba42c89472,Terramorphic Expanse,39,dde,Duel Decks: Phyrexia vs. the Coalition,,2010-03-19,,
2,c6230ffb-dd2c-4a2c-aeaf-13ba42c89472,Terramorphic Expanse,39,arc,Archenemy,,2010-06-18,,
2,c6230ffb-dd2c-4a2c-aeaf-13ba42c89472,Terramorphic Expanse,39,m11,Magic 2011,,2010-07-16,,
2,c6230ffb-dd2c-4a2c-aeaf-13ba42c89472,Terramorphic Expanse,39,td0,Magic Online Theme Decks,,2010-11-08,1,
2,c6230ffb-dd2c-4a2c-aeaf-13ba42c89472,Terramorphic Expanse,39,td2,Duel Decks: Mirrodin Pure vs. New Phyrexia,,2011-05-14,1,
2,c6230ffb-dd2c-4a2c-aeaf-13ba42c89472,Terramorphic Expanse,39,cmd,Commander 2011,,2011-06-17,,
2,c6230ffb-dd2c-4a2c-aeaf-13ba42c89472,Terramorphic Expanse,39,ddh,Duel Decks: Ajani vs. Nicol Bolas,,2011-09-02,,
2,c6230ffb-dd2c-4a2c-aeaf-13ba42c89472,Terramorphic Expanse,39,pc2,Planechase 2012,,2012-06-01,,
2,c6230ffb-dd2c-4a2c-aeaf-13ba42c89472,Terramorphic Expanse,39,mma,Modern Masters,,2013-06-07,,
2,c6230ffb-dd2c-4a2c-aeaf-13ba42c89472,Terramorphic Expanse,39,c13,Commander 2013,,2013-11-01,,
2,c6230ffb-dd2c-4a2c-aeaf-13ba42c89472,Terramorphic Expanse,39,ddn,Duel Decks: Speed vs. Cunning,,2014-09-05,,
2,c6230ffb-dd2c-4a2c-aeaf-13ba42c89472,Terramorphic Expanse,39,c14,Commander 2014,,2014-11-07,,
2,c6230ffb-dd2c-4a2c-aeaf-13ba42c89472,Terramorphic Expanse,39,c15,Commander 2015,,2015-11-13,,
2,c6230ffb-dd2c-4a2c-aeaf-13ba42c89472,Terramorphic Expanse,39,c16,Commander 2016,,2016-11-11,,
2,c6230ffb-dd2c-4a2c-aeaf-13ba42c89472,Terramorphic Expanse,39,pca,Planechase Anthology,Planechase Anthology,2016-11-25,,
2,c6230ffb-dd2c-4a2c-aeaf-13ba42c89472,Terramorphic Expanse,39,cma,Commander Anthology,Commander Anthology: Heavenly Inferno,2017-06-09,,
2,c6230ffb-dd2c-4a2c-aeaf-13ba42c89472,Terramorphic Expanse,39,c17,Commander 2017,,2017-08-25,,
2,c6230ffb-dd2c-4a2c-aeaf-13ba42c89472,Terramorphic Expanse,39,cm2,Commander Anthology Volume II,Commander Anthology II: Mind Seize,2018-06-08,,
2,c6230ffb-dd2c-4a2c-aeaf-13ba42c89472,Terramorphic Expanse,39,c18,Commander 2018,,2018-08-10,,
2,c6230ffb-dd2c-4a2c-aeaf-13ba42c89472,Terramorphic Expanse,39,uma,Ultimate Masters,,2018-12-07,,
2,c6230ffb-dd2c-4a2c-aeaf-13ba42c89472,Terramorphic Expanse,39,c19,Commander 2019,,2019-08-23,,
2,c6230ffb-dd2c-4a2c-aeaf-13ba42c89472,Terramorphic Expanse,39,znc,Zendikar Rising Commander,,2020-09-25,,
2,c6230ffb-dd2c-4a2c-aeaf-13ba42c89472,Terramorphic Expanse,39,plst,The List,,2020-09-26,,
2,c6230ffb-dd2c-4a2c-aeaf-13ba42c89472,Terramorphic Expanse,39,cmr,Commander Legends,,2020-11-20,,
2,c6230ffb-dd2c-4a2c-aeaf-13ba42c89472,Terramorphic Expanse,39,prm,Magic Online Promos,,2020-12-15,1,1
2,c6230ffb-dd2c-4a2c-aeaf-13ba42c89472,Terramorphic Expanse,39,tsr,Time Spiral Remastered,,2021-03-19,,
2,c6230ffb-dd2c-4a2c-aeaf-13ba42c89472,Terramorphic Expanse,39,afc,Forgotten Realms Commander,,2021-07-23,,
2,c6230ffb-dd2c-4a2c-aeaf-13ba42c89472,Terramorphic Expanse,39,dmc,Dominaria United Commander,,2022-09-09,,
2,c6230ffb-dd2c-4a2c-aeaf-13ba42c89472,Terramorphic Expanse,39,brc,The Brothers' War Commander,,2022-11-18,,
2,c6230ffb-dd2c-4a2c-aeaf-13ba42c89472,Terramorphic Expanse,39,moc,March of the Machine Commander,,2023-04-21,,
2,c6230ffb-dd2c-4a2c-aeaf-13ba42c89472,Terramorphic Expanse,39,lcc,The Lost Caverns of Ixalan Commander,,2023-11-17,,
2,c6230ffb-dd2c-4a2c-aeaf-13ba42c89472,Terramorphic Expanse,39,otc,Outlaws of Thunder Junction Commander,,2024-04-19,,
3,f67845cb-fe3b-4f90-8de2-bdb69daca307,Exotic Orchard,35,con,Conflux,,2009-02-06,,
3,f67845cb-fe3b-4f90-8de2-bdb69daca307,Exotic Orchard,35,pc2,Planechase 2012,,2012-06-01,,
3,f67845cb-fe3b-4f90-8de2-bdb69daca307,Exotic Orchard,35,cn2,Conspiracy: Take the Crown,,2016-08-26,,
3,f67845cb-fe3b-4f90-8de2-bdb69daca307,Exotic Orchard,35,c16,Commander 2016,,2016-11-11,,
3,f67845cb-fe3b-4f90-8de2-bdb69daca307,Exotic Orchard,35,pca,Planechase Anthology,Planechase Anthology,2016-11-25,,
3,f67845cb-fe3b-4f90-8de2-bdb69daca307,Exotic Orchard,35,c17,Commander 2017,,2017-08-25,,
3,f67845cb-fe3b-4f90-8de2-bdb69daca307,Exotic Orchard,35,cm2,Commander Anthology Volume II,Commander Anthology II: Mind Seize,2018-06-08,,
3,f67845cb-fe3b-4f90-8de2-bdb69daca307,Exotic Orchard,35,c19,Commander 2019,,2019-08-23,,
3,f67845cb-fe3b-4f90-8de2-bdb69daca307,Exotic Orchard,35,c20,Commander 2020,,2020-04-17,,
3,f67845cb-fe3b-4f90-8de2-bdb69daca307,Exotic Orchard,35,plst,The List,,2020-09-26,,
3,f67845cb-fe3b-4f90-8de2-bdb69daca307,Exotic Orchard,35,c21,Commander 2021,,2021-04-23,,
3,f67845cb-fe3b-4f90-8de2-bdb69daca307,Exotic Orchard,35,afc,Forgotten Realms Commander,,2021-07-23,,
3,f67845cb-fe3b-4f90-8de2-bdb69daca307,Exotic Orchard,35,mic,Midnight Hunt Commander,,2021-09-24,,
3,f67845cb-fe3b-4f90-8de2-bdb69daca307,Exotic Orchard,35,voc,Crimson Vow Commander,,2021-11-19,,
3,f67845cb-fe3b-4f90-8de2-bdb69daca307,Exotic Orchard,35,nec,Neon Dynasty Commander,,2022-02-18,,
3,f67845cb-fe3b-4f90-8de2-bdb69daca307,Exotic Orchard,35,ncc,New Capenna Commander,,2022-04-29,,
3,f67845cb-fe3b-4f90-8de2-bdb69daca307,Exotic Orchard,35,clb,Commander Legends: Battle for Baldur's Gate,,2022-06-10,,
3,f67845cb-fe3b-4f90-8de2-bdb69daca307,Exotic Orchard,35,dmc,Dominaria United Commander,,2022-09-09,,
3,f67845cb-fe3b-4f90-8de2-bdb69daca307,Exotic Orchard,35,brc,The Brothers' War Commander,,2022-11-18,,
3,f67845cb-fe3b-4f90-8de2-bdb69daca307,Exotic Orchard,35,onc,Phyrexia: All Will Be One Commander,,2023-02-10,,
3,f67845cb-fe3b-4f90-8de2-bdb69daca307,Exotic Orchard,35,moc,March of the Machine Commander,,2023-04-21,,
3,f67845cb-fe3b-4f90-8de2-bdb69daca307,Exotic Orchard,35,cmm,Commander Masters,,2023-08-04,,
3,f67845cb-fe3b-4f90-8de2-bdb69daca307,Exotic Orchard,35,woc,Wilds of Eldraine Commander,,2023-09-08,,
3,f67845cb-fe3b-4f90-8de2-bdb69daca307,Exotic Orchard,35,lcc,The Lost Caverns of Ixalan Commander,,2023-11-17,,
3,f67845cb-fe3b-4f90-8de2-bdb69daca307,Exotic Orchard,35,mkc,Murders at Karlov Manor Commander,,2024-02-09,,
3,f67845cb-fe3b-4f90-8de2-bdb69daca307,Exotic Orchard,35,otc,Outlaws of Thunder Junction Commander,,2024-04-19,,
3,f67845cb-fe3b-4f90-8de2-bdb69daca307,Exotic Orchard,35,m3c,Modern Horizons 3 Commander,,2024-06-14,,
3,f67845cb-fe3b-4f90-8de2-bdb69daca307,Exotic Orchard,35,dsc,Duskmourn: House of Horror Commander,,2024-09-27,,
3,f67845cb-fe3b-4f90-8de2-bdb69daca307,Exotic Orchard,35,drc,Aetherdrift Commander,,2025-02-14,,
3,f67845cb-fe3b-4f90-8de2-bdb69daca307,Exotic Orchard,35,tdc,Tarkir: Dragonstorm Commander,,2025-04-11,,
3,f67845cb-fe3b-4f90-8de2-bdb69daca307,Exotic Orchard,35,eoc,Edge of Eternities Commander,,2025-08-01,,
3,f67845cb-fe3b-4f90-8de2-bdb69daca307,Exotic Orchard,35,ecc,Lorwyn Eclipsed Commander,,2026-01-23,,
4,06d7b990-021a-4b1f-9333-4fc82adf0ea4,Arcane Signet,32,eld,Throne of Eldraine,,2019-10-04,,
4,06d7b990-021a-4b1f-9333-4fc82adf0ea4,Arcane Signet,32,c20,Commander 2020,,2020-04-17,,
4,06d7b990-021a-4b1f-9333-4fc82adf0ea4,Arcane Signet,32,anb,Arena Beginner Set,,2020-08-13,1,
4,06d7b990-021a-4b1f-9333-4fc82adf0ea4,Arcane Signet,32,znc,Zendikar Rising Commander,,2020-09-25,,
4,06d7b990-021a-4b1f-9333-4fc82adf0ea4,Arcane Signet,32,plst,The List,,2020-09-26,,
4,06d7b990-021a-4b1f-9333-4fc82adf0ea4,Arcane Signet,32,cmr,Commander Legends,,2020-11-20,,
4,06d7b990-021a-4b1f-9333-4fc82adf0ea4,Arcane Signet,32,prm,Magic Online Promos,,2020-12-15,1,1
4,06d7b990-021a-4b1f-9333-4fc82adf0ea4,Arcane Signet,32,khc,Kaldheim Commander,,2021-02-05,,
4,06d7b990-021a-4b1f-9333-4fc82adf0ea4,Arcane Signet,32,c21,Commander 2021,,2021-04-23,,
4,06d7b990-021a-4b1f-9333-4fc82adf0ea4,Arcane Signet,32,afc,Forgotten Realms Commander,,2021-07-23,,
4,06d7b990-021a-4b1f-9333-4fc82adf0ea4,Arcane Signet,32,mic,Midnight Hunt Commander,,2021-09-24,,
4,06d7b990-021a-4b1f-9333-4fc82adf0ea4,Arcane Signet,32,voc,Crimson Vow Commander,,2021-11-19,,
4,06d7b990-021a-4b1f-9333-4fc82adf0ea4,Arcane Signet,32,nec,Neon Dynasty Commander,,2022-02-18,,
4,06d7b990-021a-4b1f-9333-4fc82adf0ea4,Arcane Signet,32,ncc,New Capenna Commander,,2022-04-29,,
4,06d7b990-021a-4b1f-9333-4fc82adf0ea4,Arcane Signet,32,dmc,Dominaria United Commander,,2022-09-09,,
4,06d7b990-021a-4b1f-9333-4fc82adf0ea4,Arcane Signet,32,brc,The Brothers' War Commander,,2022-11-18,,
4,06d7b990-021a-4b1f-9333-4fc82adf0ea4,Arcane Signet,32,scd,Starter Commander Decks,,2022-12-02,,
4,06d7b990-021a-4b1f-9333-4fc82adf0ea4,Arcane Signet,32,onc,Phyrexia: All Will Be One Commander,,2023-02-10,,
4,06d7b990-021a-4b1f-9333-4fc82adf0ea4,Arcane Signet,32,moc,March of the Machine Commander,,2023-04-21,,
4,06d7b990-021a-4b1f-9333-4fc82adf0ea4,Arcane Signet,32,cmm,Commander Masters,,2023-08-04,,
4,06d7b990-021a-4b1f-9333-4fc82adf0ea4,Arcane Signet,32,woc,Wilds of Eldraine Commander,,2023-09-08,,
4,06d7b990-021a-4b1f-9333-4fc82adf0ea4,Arcane Signet,32,lcc,The Lost Caverns of Ixalan Commander,,2023-11-17,,
4,06d7b990-021a-4b1f-9333-4fc82adf0ea4,Arcane Signet,32,mkc,Murders at Karlov Manor Commander,,2024-02-09,,
4,06d7b990-021a-4b1f-9333-4fc82adf0ea4,Arcane Signet,32,otc,Outlaws of Thunder Junction Commander,,2024-04-19,,
4,06d7b990-021a-4b1f-9333-4fc82adf0ea4,Arcane Signet,32,m3c,Modern Horizons 3 Commander,,2024-06-14,,
4,06d7b990-021a-4b1f-9333-4fc82adf0ea4,Arcane Signet,32,mb2,Mystery Booster 2,,2024-08-02,,
4,06d7b990-021a-4b1f-9333-4fc82adf0ea4,Arcane Signet,32,fdc,Foundations Commander,,2024-11-15,,
5,3f411487-e24c-45b8-90f4-e195ff208c30,Bojuka Bog,31,wwk,Worldwake,,2010-02-05,,
5,3f411487-e24c-45b8-90f4-e195ff208c30,Bojuka Bog,31,cmd,Commander 2011,,2011-06-17,,
5,3f411487-e24c-45b8-90f4-e195ff208c30,Bojuka Bog,31,c13,Commander 2013,,2013-11-01,,
5,3f411487-e24c-45b8-90f4-e195ff208c30,Bojuka Bog,31,c14,Commander 2014,,2014-11-07,,
5,3f411487-e24c-45b8-90f4-e195ff208c30,Bojuka Bog,31,pz1,Legendary Cube Prize Pack,,2015-11-18,1,
5,3f411487-e24c-45b8-90f4-e195ff208c30,Bojuka Bog,31,cma,Commander Anthology,Commander Anthology: Heavenly Inferno,2017-06-09,,
5,3f411487-e24c-45b8-90f4-e195ff208c30,Bojuka Bog,31,c17,Commander 2017,,2017-08-25,,
5,3f411487-e24c-45b8-90f4-e195ff208c30,Bojuka Bog,31,c18,Commander 2018,,2018-08-10,,
5,3f411487-e24c-45b8-90f4-e195ff208c30,Bojuka Bog,31,c19,Commander 2019,,2019-08-23,,
5,3f411487-e24c-45b8-90f4-e195ff208c30,Bojuka Bog,31,plst,The List,,2019-11-07,,
5,3f411487-e24c-45b8-90f4-e195ff208c30,Bojuka Bog,31,ha2,Historic Anthology 2,,2020-03-12,1,
5,3f411487-e24c-45b8-90f4-e195ff208c30,Bojuka Bog,31,c20,Commander 2020,,2020-04-17,,
5,3f411487-e24c-45b8-90f4-e195ff208c30,Bojuka Bog,31,tsr,Time Spiral Remastered,,2021-03-19,,
5,3f411487-e24c-45b8-90f4-e195ff208c30,Bojuka Bog,31,c21,Commander 2021,,2021-04-23,,
5,3f411487-e24c-45b8-90f4-e195ff208c30,Bojuka Bog,31,afc,Forgotten Realms Commander,,2021-07-23,,
5,3f411487-e24c-45b8-90f4-e195ff208c30,Bojuka Bog,31,mic,Midnight Hunt Commander,,2021-09-24,,
5,3f411487-e24c-45b8-90f4-e195ff208c30,Bojuka Bog,31,clb,Commander Legends: Battle for Baldur's Gate,,2022-06-10,,
5,3f411487-e24c-45b8-90f4-e195ff208c30,Bojuka Bog,31,dmc,Dominaria United Commander,,2022-09-09,,
5,3f411487-e24c-45b8-90f4-e195ff208c30,Bojuka Bog,31,brc,The Brothers' War Commander,,2022-11-18,,
5,3f411487-e24c-45b8-90f4-e195ff208c30,Bojuka Bog,31,onc,Phyrexia: All Will Be One Commander,,2023-02-10,,
5,3f411487-e24c-45b8-90f4-e195ff208c30,Bojuka Bog,31,moc,March of the Machine Commander,,2023-04-21,,
5,3f411487-e24c-45b8-90f4-e195ff208c30,Bojuka Bog,31,woc,Wilds of Eldraine Commander,,2023-09-08,,
5,3f411487-e24c-45b8-90f4-e195ff208c30,Bojuka Bog,31,lcc,The Lost Caverns of Ixalan Commander,,2023-11-17,,
5,3f411487-e24c-45b8-90f4-e195ff208c30,Bojuka Bog,31,mkc,Murders at Karlov Manor Commander,,2024-02-09,,
5,3f411487-e24c-45b8-90f4-e195ff208c30,Bojuka Bog,31,otc,Outlaws of Thunder Junction Commander,,2024-04-19,,
5,3f411487-e24c-45b8-90f4-e195ff208c30,Bojuka Bog,31,blc,Bloomburrow Commander,,2024-08-02,,
5,3f411487-e24c-45b8-90f4-e195ff208c30,Bojuka Bog,31,mb2,Mystery Booster 2,,2024-08-02,,
5,3f411487-e24c-45b8-90f4-e195ff208c30,Bojuka Bog,31,dsc,Duskmourn: House of Horror Commander,,2024-09-27,,
5,3f411487-e24c-45b8-90f4-e195ff208c30,Bojuka Bog,31,tdc,Tarkir: Dragonstorm Commander,,2025-04-11,,
5,3f411487-e24c-45b8-90f4-e195ff208c30,Bojuka Bog,31,eoc,Edge of Eternities Commander,,2025-08-01,,
6,798a59e5-d388-4110-9437-9616bdfd7c14,Swiftfoot Boots,31,m12,Magic 2012,,2011-07-15,,
6,798a59e5-d388-4110-9437-9616bdfd7c14,Swiftfoot Boots,31,c13,Commander 2013,,2013-11-01,,
6,798a59e5-d388-4110-9437-9616bdfd7c14,Swiftfoot Boots,31,c14,Commander 2014,,2014-11-07,,
6,798a59e5-d388-4110-9437-9616bdfd7c14,Swiftfoot Boots,31,c15,Commander 2015,,2015-11-13,,
6,798a59e5-d388-4110-9437-9616bdfd7c14,Swiftfoot Boots,31,pz1,Legendary Cube Prize Pack,,2015-11-18,1,
6,798a59e5-d388-4110-9437-9616bdfd7c14,Swiftfoot Boots,31,c16,Commander 2016,,2016-11-11,,
6,798a59e5-d388-4110-9437-9616bdfd7c14,Swiftfoot Boots,31,cma,Commander Anthology,Commander Anthology: Heavenly Inferno,2017-06-09,,
6,798a59e5-d388-4110-9437-9616bdfd7c14,Swiftfoot Boots,31,c17,Commander 2017,,2017-08-25,,
6,798a59e5-d388-4110-9437-9616bdfd7c14,Swiftfoot Boots,31,a25,Masters 25,,2018-03-16,,
6,798a59e5-d388-4110-9437-9616bdfd7c14,Swiftfoot Boots,31,cm2,Commander Anthology Volume II,Commander Anthology II: Mind Seize,2018-06-08,,
6,798a59e5-d388-4110-9437-9616bdfd7c14,Swiftfoot Boots,31,c18,Commander 2018,,2018-08-10,,
6,798a59e5-d388-4110-9437-9616bdfd7c14,Swiftfoot Boots,31,c20,Commander 2020,,2020-04-17,,
6,798a59e5-d388-4110-9437-9616bdfd7c14,Swiftfoot Boots,31,plst,The List,,2020-09-26,,
6,798a59e5-d388-4110-9437-9616bdfd7c14,Swiftfoot Boots,31,cmr,Commander Legends,,2020-11-20,,
6,798a59e5-d388-4110-9437-9616bdfd7c14,Swiftfoot Boots,31,prm,Magic Online Promos,,2020-12-15,1,1
6,798a59e5-d388-4110-9437-9616bdfd7c14,Swiftfoot Boots,31,khc,Kaldheim Commander,,2021-02-05,,
6,798a59e5-d388-4110-9437-9616bdfd7c14,Swiftfoot Boots,31,mic,Midnight Hunt Commander,,2021-09-24,,
6,798a59e5-d388-4110-9437-9616bdfd7c14,Swiftfoot Boots,31,voc,Crimson Vow Commander,,2021-11-19,,
6,798a59e5-d388-4110-9437-9616bdfd7c14,Swiftfoot Boots,31,nec,Neon Dynasty Commander,,2022-02-18,,
6,798a59e5-d388-4110-9437-9616bdfd7c14,Swiftfoot Boots,31,pw22,Wizards Play Network 2022,,2022-04-29,,1
6,798a59e5-d388-4110-9437-9616bdfd7c14,Swiftfoot Boots,31,ncc,New Capenna Commander,,2022-04-29,,
6,798a59e5-d388-4110-9437-9616bdfd7c14,Swiftfoot Boots,31,brc,The Brothers' War Commander,,2022-11-18,,
6,798a59e5-d388-4110-9437-9616bdfd7c14,Swiftfoot Boots,31,brr,The Brothers' War Retro Artifacts,,2022-11-18,,
6,798a59e5-d388-4110-9437-9616bdfd7c14,Swiftfoot Boots,31,scd,Starter Commander Decks,,2022-12-02,,
6,798a59e5-d388-4110-9437-9616bdfd7c14,Swiftfoot Boots,31,lcc,The Lost Caverns of Ixalan Commander,,2023-11-17,,
6,798a59e5-d388-4110-9437-9616bdfd7c14,Swiftfoot Boots,31,otc,Outlaws of Thunder Junction Commander,,2024-04-19,,
6,798a59e5-d388-4110-9437-9616bdfd7c14,Swiftfoot Boots,31,blc,Bloomburrow Commander,,2024-08-02,,
6,798a59e5-d388-4110-9437-9616bdfd7c14,Swiftfoot Boots,31,fdn,Foundations,,2024-11-15,,
6,798a59e5-d388-4110-9437-9616bdfd7c14,Swiftfoot Boots,31,tdc,Tarkir: Dragonstorm Commander,,2025-04-11,,
7,588f6d6f-e78a-4468-8067-dfbdf29c5a49,Path of Ancestry,31,pz2,Treasure Chest,,2016-11-16,1,
7,588f6d6f-e78a-4468-8067-dfbdf29c5a49,Path of Ancestry,31,c17,Commander 2017,,2017-08-25,,
7,588f6d6f-e78a-4468-8067-dfbdf29c5a49,Path of Ancestry,31,c20,Commander 2020,,2020-04-17,,
7,588f6d6f-e78a-4468-8067-dfbdf29c5a49,Path of Ancestry,31,plst,The List,,2020-09-26,,
7,588f6d6f-e78a-4468-8067-dfbdf29c5a49,Path of Ancestry,31,cmr,Commander Legends,,2020-11-20,,
7,588f6d6f-e78a-4468-8067-dfbdf29c5a49,Path of Ancestry,31,prm,Magic Online Promos,,2020-12-15,1,1
7,588f6d6f-e78a-4468-8067-dfbdf29c5a49,Path of Ancestry,31,khc,Kaldheim Commander,,2021-02-05,,
7,588f6d6f-e78a-4468-8067-dfbdf29c5a49,Path of Ancestry,31,afc,Forgotten Realms Commander,,2021-07-23,,
7,588f6d6f-e78a-4468-8067-dfbdf29c5a49,Path of Ancestry,31,mic,Midnight Hunt Commander,,2021-09-24,,
7,588f6d6f-e78a-4468-8067-dfbdf29c5a49,Path of Ancestry,31,voc,Crimson Vow Commander,,2021-11-19,,
7,588f6d6f-e78a-4468-8067-dfbdf29c5a49,Path of Ancestry,31,ncc,New Capenna Commander,,2022-04-29,,
7,588f6d6f-e78a-4468-8067-dfbdf29c5a49,Path of Ancestry,31,clb,Commander Legends: Battle for Baldur's Gate,,2022-06-10,,
7,588f6d6f-e78a-4468-8067-dfbdf29c5a49,Path of Ancestry,31,p30a,30th Anniversary Play Promos,,2022-09-02,,1
7,588f6d6f-e78a-4468-8067-dfbdf29c5a49,Path of Ancestry,31,brc,The Brothers' War Commander,,2022-11-18,,
7,588f6d6f-e78a-4468-8067-dfbdf29c5a49,Path of Ancestry,31,scd,Starter Commander Decks,,2022-12-02,,
7,588f6d6f-e78a-4468-8067-dfbdf29c5a49,Path of Ancestry,31,onc,Phyrexia: All Will Be One Commander,,2023-02-10,,
7,588f6d6f-e78a-4468-8067-dfbdf29c5a49,Path of Ancestry,31,moc,March of the Machine Commander,,2023-04-21,,
7,588f6d6f-e78a-4468-8067-dfbdf29c5a49,Path of Ancestry,31,cmm,Commander Masters,,2023-08-04,,
7,588f6d6f-e78a-4468-8067-dfbdf29c5a49,Path of Ancestry,31,woc,Wilds of Eldraine Commander,,2023-09-08,,
7,588f6d6f-e78a-4468-8067-dfbdf29c5a49,Path of Ancestry,31,lcc,The Lost Caverns of Ixalan Commander,,2023-11-17,,
7,588f6d6f-e78a-4468-8067-dfbdf29c5a49,Path of Ancestry,31,mkc,Murders at Karlov Manor Commander,,2024-02-09,,
7,588f6d6f-e78a-4468-8067-dfbdf29c5a49,Path of Ancestry,31,otc,Outlaws of Thunder Junction Commander,,2024-04-19,,
7,588f6d6f-e78a-4468-8067-dfbdf29c5a49,Path of Ancestry,31,m3c,Modern Horizons 3 Commander,,2024-06-14,,
7,588f6d6f-e78a-4468-8067-dfbdf29c5a49,Path of Ancestry,31,blc,Bloomburrow Commander,,2024-08-02,,
7,588f6d6f-e78a-4468-8067-dfbdf29c5a49,Path of Ancestry,31,drc,Aetherdrift Commander,,2025-02-14,,
7,588f6d6f-e78a-4468-8067-dfbdf29c5a49,Path of Ancestry,31,tdc,Tarkir: Dragonstorm Commander,,2025-04-11,,
7,588f6d6f-e78a-4468-8067-dfbdf29c5a49,Path of Ancestry,31,ecc,Lorwyn Eclipsed Commander,,2026-01-23,,
8,185ef21e-5abe-4825-bd38-8f9a2e61045e,Cultivate,31,m11,Magic 2011,,2010-07-16,,
8,185ef21e-5abe-4825-bd38-8f9a2e61045e,Cultivate,31,cmd,Commander 2011,,2011-06-17,,
8,185ef21e-5abe-4825-bd38-8f9a2e61045e,Cultivate,31,pc2,Planechase 2012,,2012-06-01,,
8,185ef21e-5abe-4825-bd38-8f9a2e61045e,Cultivate,31,c13,Commander 2013,,2013-11-01,,
8,185ef21e-5abe-4825-bd38-8f9a2e61045e,Cultivate,31,pz1,Legendary Cube Prize Pack,,2015-11-18,1,
8,185ef21e-5abe-4825-bd38-8f9a2e61045e,Cultivate,31,c16,Commander 2016,,2016-11-11,,
8,185ef21e-5abe-4825-bd38-8f9a2e61045e,Cultivate,31,pca,Planechase Anthology,Planechase Anthology,2016-11-25,,
8,185ef21e-5abe-4825-bd38-8f9a2e61045e,Cultivate,31,e01,Archenemy: Nicol Bolas,,2017-06-16,,
8,185ef21e-5abe-4825-bd38-8f9a2e61045e,Cultivate,31,c17,Commander 2017,,2017-08-25,,
8,185ef21e-5abe-4825-bd38-8f9a2e61045e,Cultivate,31,a25,Masters 25,,2018-03-16,,
8,185ef21e-5abe-4825-bd38-8f9a2e61045e,Cultivate,31,cm2,Commander Anthology Volume II,Commander Anthology II,2018-06-08,,
8,185ef21e-5abe-4825-bd38-8f9a2e61045e,Cultivate,31,c18,Commander 2018,,2018-08-10,,
8,185ef21e-5abe-4825-bd38-8f9a2e61045e,Cultivate,31,c19,Commander 2019,,2019-08-23,,
8,185ef21e-5abe-4825-bd38-8f9a2e61045e,Cultivate,31,plst,The List,,2019-11-07,,
8,185ef21e-5abe-4825-bd38-8f9a2e61045e,Cultivate,31,c20,Commander 2020,,2020-04-17,,
8,185ef21e-5abe-4825-bd38-8f9a2e61045e,Cultivate,31,m21,Core Set 2021,,2020-07-03,,
8,185ef21e-5abe-4825-bd38-8f9a2e61045e,Cultivate,31,cmr,Commander Legends,,2020-11-20,,
8,185ef21e-5abe-4825-bd38-8f9a2e61045e,Cultivate,31,c21,Commander 2021,,2021-04-23,,
8,185ef21e-5abe-4825-bd38-8f9a2e61045e,Cultivate,31,afc,Forgotten Realms Commander,,2021-07-23,,
8,185ef21e-5abe-4825-bd38-8f9a2e61045e,Cultivate,31,ncc,New Capenna Commander,,2022-04-29,,
8,185ef21e-5abe-4825-bd38-8f9a2e61045e,Cultivate,31,clb,Commander Legends: Battle for Baldur's Gate,,2022-06-10,,
8,185ef21e-5abe-4825-bd38-8f9a2e61045e,Cultivate,31,dmc,Dominaria United Commander,,2022-09-09,,
8,185ef21e-5abe-4825-bd38-8f9a2e61045e,Cultivate,31,j22,Jumpstart 2022,,2022-12-02,,
8,185ef21e-5abe-4825-bd38-8f9a2e61045e,Cultivate,31,scd,Starter Commander Decks,,2022-12-02,,
8,185ef21e-5abe-4825-bd38-8f9a2e61045e,Cultivate,31,onc,Phyrexia: All Will Be One Commander,,2023-02-10,,
8,185ef21e-5abe-4825-bd38-8f9a2e61045e,Cultivate,31,moc,March of the Machine Commander,,2023-04-21,,
8,185ef21e-5abe-4825-bd38-8f9a2e61045e,Cultivate,31,cmm,Commander Masters,,2023-08-04,,
8,185ef21e-5abe-4825-bd38-8f9a2e61045e,Cultivate,31,tdc,Tarkir: Dragonstorm Commander,,2025-04-11,,
8,185ef21e-5abe-4825-bd38-8f9a2e61045e,Cultivate,31,eoc,Edge of Eternities Commander,,2025-08-01,,
8,185ef21e-5abe-4825-bd38-8f9a2e61045e,Cultivate,31,ecc,Lorwyn Eclipsed Commander,,2026-01-23,,
9,b7995cf1-e994-48e2-b797-bc56a5b925a1,Evolving Wilds,29,roe,Rise of the Eldrazi,,2010-04-23,,
9,b7995cf1-e994-48e2-b797-bc56a5b925a1,Evolving Wilds,29,cmd,Commander 2011,,2011-06-17,,
9,b7995cf1-e994-48e2-b797-bc56a5b925a1,Evolving Wilds,29,ddh,Duel Decks: Ajani vs. Nicol Bolas,,2011-09-02,,
9,b7995cf1-e994-48e2-b797-bc56a5b925a1,Evolving Wilds,29,m13,Magic 2013,,2012-07-13,,
9,b7995cf1-e994-48e2-b797-bc56a5b925a1,Evolving Wilds,29,ddk,Duel Decks: Sorin vs. Tibalt,,2013-03-15,,
9,b7995cf1-e994-48e2-b797-bc56a5b925a1,Evolving Wilds,29,c13,Commander 2013,,2013-11-01,,
9,b7995cf1-e994-48e2-b797-bc56a5b925a1,Evolving Wilds,29,m15,Magic 2015,,2014-07-18,,
9,b7995cf1-e994-48e2-b797-bc56a5b925a1,Evolving Wilds,29,ddn,Duel Decks: Speed vs. Cunning,,2014-09-05,,
9,b7995cf1-e994-48e2-b797-bc56a5b925a1,Evolving Wilds,29,c14,Commander 2014,,2014-11-07,,
9,b7995cf1-e994-48e2-b797-bc56a5b925a1,Evolving Wilds,29,ddo,Duel Decks: Elspeth vs. Kiora,,2015-02-27,,
9,b7995cf1-e994-48e2-b797-bc56a5b925a1,Evolving Wilds,29,mm2,Modern Masters 2015,,2015-05-22,,
9,b7995cf1-e994-48e2-b797-bc56a5b925a1,Evolving Wilds,29,ori,Magic Origins,,2015-07-17,,
9,b7995cf1-e994-48e2-b797-bc56a5b925a1,Evolving Wilds,29,ddp,Duel Decks: Zendikar vs. Eldrazi,,2015-08-28,,
9,b7995cf1-e994-48e2-b797-bc56a5b925a1,Evolving Wilds,29,c15,Commander 2015,,2015-11-13,,
9,b7995cf1-e994-48e2-b797-bc56a5b925a1,Evolving Wilds,29,cn2,Conspiracy: Take the Crown,,2016-08-26,,
9,b7995cf1-e994-48e2-b797-bc56a5b925a1,Evolving Wilds,29,c16,Commander 2016,,2016-11-11,,
9,b7995cf1-e994-48e2-b797-bc56a5b925a1,Evolving Wilds,29,cma,Commander Anthology,Commander Anthology: Heavenly Inferno,2017-06-09,,
9,b7995cf1-e994-48e2-b797-bc56a5b925a1,Evolving Wilds,29,c17,Commander 2017,,2017-08-25,,
9,b7995cf1-e994-48e2-b797-bc56a5b925a1,Evolving Wilds,29,cm2,Commander Anthology Volume II,Commander Anthology II: Mind Seize,2018-06-08,,
9,b7995cf1-e994-48e2-b797-bc56a5b925a1,Evolving Wilds,29,c18,Commander 2018,,2018-08-10,,
9,b7995cf1-e994-48e2-b797-bc56a5b925a1,Evolving Wilds,29,m20,Core Set 2020,,2019-07-12,,
9,b7995cf1-e994-48e2-b797-bc56a5b925a1,Evolving Wilds,29,c19,Commander 2019,,2019-08-23,,
9,b7995cf1-e994-48e2-b797-bc56a5b925a1,Evolving Wilds,29,plst,The List,,2019-11-07,,
9,b7995cf1-e994-48e2-b797-bc56a5b925a1,Evolving Wilds,29,anb,Arena Beginner Set,,2020-08-13,1,
9,b7995cf1-e994-48e2-b797-bc56a5b925a1,Evolving Wilds,29,znc,Zendikar Rising Commander,,2020-09-25,,
9,b7995cf1-e994-48e2-b797-bc56a5b925a1,Evolving Wilds,29,cmr,Commander Legends,,2020-11-20,,
9,b7995cf1-e994-48e2-b797-bc56a5b925a1,Evolving Wilds,29,dmc,Dominaria United Commander,,2022-09-09,,
9,b7995cf1-e994-48e2-b797-bc56a5b925a1,Evolving Wilds,29,brc,The Brothers' War Commander,,2022-11-18,,
9,b7995cf1-e994-48e2-b797-bc56a5b925a1,Evolving Wilds,29,dsc,Duskmourn: House of Horror Commander,,2024-09-27,,
10,a0b532d7-d606-40b6-bac6-3c50166c0031,Commander's Sphere,29,c14,Commander 2014,,2014-11-07,,
10,a0b532d7-d606-40b6-bac6-3c50166c0031,Commander's Sphere,29,c16,Commander 2016,,2016-11-11,,
10,a0b532d7-d606-40b6-bac6-3c50166c0031,Commander's Sphere,29,cma,Commander Anthology,Commander Anthology: Heavenly Inferno,2017-06-09,,
10,a0b532d7-d606-40b6-bac6-3c50166c0031,Commander's Sphere,29,c17,Commander 2017,,2017-08-25,,
10,a0b532d7-d606-40b6-bac6-3c50166c0031,Commander's Sphere,29,j18,Judge Gift Cards 2018,,2018-01-01,,1
10,a0b532d7-d606-40b6-bac6-3c50166c0031,Commander's Sphere,29,cm2,Commander Anthology Volume II,Commander Anthology II: Mind Seize,2018-06-08,,
10,a0b532d7-d606-40b6-bac6-3c50166c0031,Commander's Sphere,29,c18,Commander 2018,,2018-08-10,,
10,a0b532d7-d606-40b6-bac6-3c50166c0031,Commander's Sphere,29,c19,Commander 2019,,2019-08-23,,
10,a0b532d7-d606-40b6-bac6-3c50166c0031,Commander's Sphere,29,c20,Commander 2020,,2020-04-17,,
10,a0b532d7-d606-40b6-bac6-3c50166c0031,Commander's Sphere,29,znc,Zendikar Rising Commander,,2020-09-25,,
10,a0b532d7-d606-40b6-bac6-3c50166c0031,Commander's Sphere,29,plst,The List,,2020-09-26,,
10,a0b532d7-d606-40b6-bac6-3c50166c0031,Commander's Sphere,29,cmr,Commander Legends,,2020-11-20,,
10,a0b532d7-d606-40b6-bac6-3c50166c0031,Commander's Sphere,29,prm,Magic Online Promos,,2020-12-15,1,1
10,a0b532d7-d606-40b6-bac6-3c50166c0031,Commander's Sphere,29,khc,Kaldheim Commander,,2021-02-05,,
10,a0b532d7-d606-40b6-bac6-3c50166c0031,Commander's Sphere,29,c21,Commander 2021,,2021-04-23,,
10,a0b532d7-d606-40b6-bac6-3c50166c0031,Commander's Sphere,29,mic,Midnight Hunt Commander,,2021-09-24,,
10,a0b532d7-d606-40b6-bac6-3c50166c0031,Commander's Sphere,29,voc,Crimson Vow Commander,,2021-11-19,,
10,a0b532d7-d606-40b6-bac6-3c50166c0031,Commander's Sphere,29,ncc,New Capenna Commander,,2022-04-29,,
10,a0b532d7-d606-40b6-bac6-3c50166c0031,Commander's Sphere,29,dmc,Dominaria United Commander,,2022-09-09,,
10,a0b532d7-d606-40b6-bac6-3c50166c0031,Commander's Sphere,29,brc,The Brothers' War Commander,,2022-11-18,,
10,a0b532d7-d606-40b6-bac6-3c50166c0031,Commander's Sphere,29,scd,Starter Commander Decks,,2022-12-02,,
10,a0b532d7-d606-40b6-bac6-3c50166c0031,Commander's Sphere,29,onc,Phyrexia: All Will Be One Commander,,2023-02-10,,
10,a0b532d7-d606-40b6-bac6-3c50166c0031,Commander's Sphere,29,moc,March of the Machine Commander,,2023-04-21,,
10,a0b532d7-d606-40b6-bac6-3c50166c0031,Commander's Sphere,29,cmm,Commander Masters,,2023-08-04,,
10,a0b532d7-d606-40b6-bac6-3c50166c0031,Commander's Sphere,29,lcc,The Lost Caverns of Ixalan Commander,,2023-11-17,,
10,a0b532d7-d606-40b6-bac6-3c50166c0031,Commander's Sphere,29,dsc,Duskmourn: House of Horror Commander,,2024-09-27,,
10,a0b532d7-d606-40b6-bac6-3c50166c0031,Commander's Sphere,29,drc,Aetherdrift Commander,,2025-02-14,,
10,a0b532d7-d606-40b6-bac6-3c50166c0031,Commander's Sphere,29,ecc,Lorwyn Eclipsed Commander,,2026-01-23,,
11,12a6cfae-ed70-4406-97d3-9366fc138254,Mind Stone,28,wth,Weatherlight,,1997-06-09,,
11,12a6cfae-ed70-4406-97d3-9366fc138254,Mind Stone,28,wc97,World Championship Decks 1997,,1997-08-13,,
11,12a6cfae-ed70-4406-97d3-9366fc138254,Mind Stone,28,10e,Tenth Edition,,2007-07-13,,
11,12a6cfae-ed70-4406-97d3-9366fc138254,Mind Stone,28,dd2,Duel Decks: Jace vs. Chandra,,2008-11-07,,
11,12a6cfae-ed70-4406-97d3-9366fc138254,Mind Stone,28,c14,Commander 2014,,2014-11-07,,
11,12a6cfae-ed70-4406-97d3-9366fc138254,Mind Stone,28,jvc,Duel Decks Anthology: Jace vs. Chandra,,2014-12-05,,
11,12a6cfae-ed70-4406-97d3-9366fc138254,Mind Stone,28,ddp,Duel Decks: Zendikar vs. Eldrazi,,2015-08-28,,
11,12a6cfae-ed70-4406-97d3-9366fc138254,Mind Stone,28,c15,Commander 2015,,2015-11-13,,
11,12a6cfae-ed70-4406-97d3-9366fc138254,Mind Stone,28,ima,Iconic Masters,,2017-11-17,,
11,12a6cfae-ed70-4406-97d3-9366fc138254,Mind Stone,28,cm2,Commander Anthology Volume II,Commander Anthology II: Mind Seize,2018-06-08,,
11,12a6cfae-ed70-4406-97d3-9366fc138254,Mind Stone,28,c18,Commander 2018,,2018-08-10,,
11,12a6cfae-ed70-4406-97d3-9366fc138254,Mind Stone,28,plst,The List,,2019-11-07,,
11,12a6cfae-ed70-4406-97d3-9366fc138254,Mind Stone,28,ha1,Historic Anthology 1,,2019-11-21,1,
11,12a6cfae-ed70-4406-97d3-9366fc138254,Mind Stone,28,znc,Zendikar Rising Commander,,2020-09-25,,
11,12a6cfae-ed70-4406-97d3-9366fc138254,Mind Stone,28,khc,Kaldheim Commander,,2021-02-05,,
11,12a6cfae-ed70-4406-97d3-9366fc138254,Mind Stone,28,c21,Commander 2021,,2021-04-23,,
11,12a6cfae-ed70-4406-97d3-9366fc138254,Mind Stone,28,afc,Forgotten Realms Commander,,2021-07-23,,
11,12a6cfae-ed70-4406-97d3-9366fc138254,Mind Stone,28,brc,The Brothers' War Commander,,2022-11-18,,
11,12a6cfae-ed70-4406-97d3-9366fc138254,Mind Stone,28,dmr,Dominaria Remastered,,2023-01-13,,
11,12a6cfae-ed70-4406-97d3-9366fc138254,Mind Stone,28,onc,Phyrexia: All Will Be One Commander,,2023-02-10,,
11,12a6cfae-ed70-4406-97d3-9366fc138254,Mind Stone,28,moc,March of the Machine Commander,,2023-04-21,,
11,12a6cfae-ed70-4406-97d3-9366fc138254,Mind Stone,28,cmm,Commander Masters,,2023-08-04,,
11,12a6cfae-ed70-4406-97d3-9366fc138254,Mind Stone,28,woc,Wilds of Eldraine Commander,,2023-09-08,,
11,12a6cfae-ed70-4406-97d3-9366fc138254,Mind Stone,28,mkc,Murders at Karlov Manor Commander,,2024-02-09,,
11,12a6cfae-ed70-4406-97d3-9366fc138254,Mind Stone,28,blc,Bloomburrow Commander,,2024-08-02,,
12,c3d94e2b-828b-4bee-b11c-4cd446c1be01,Chaos Warp,28,cmd,Commander 2011,,2011-06-17,,
12,c3d94e2b-828b-4bee-b11c-4cd446c1be01,Chaos Warp,28,cm1,Commander's Arsenal,,2012-11-02,,
12,c3d94e2b-828b-4bee-b11c-4cd446c1be01,Chaos Warp,28,vma,Vintage Masters,,2014-06-16,1,
12,c3d94e2b-828b-4bee-b11c-4cd446c1be01,Chaos Warp,28,c14,Commander 2014,,2014-11-07,,
12,c3d94e2b-828b-4bee-b11c-4cd446c1be01,Chaos Warp,28,pz1,Legendary Cube Prize Pack,,2015-11-18,1,
12,c3d94e2b-828b-4bee-b11c-4cd446c1be01,Chaos Warp,28,c16,Commander 2016,,2016-11-11,,
12,c3d94e2b-828b-4bee-b11c-4cd446c1be01,Chaos Warp,28,c17,Commander 2017,,2017-08-25,,
12,c3d94e2b-828b-4bee-b11c-4cd446c1be01,Chaos Warp,28,cm2,Commander Anthology Volume II,Commander Anthology II: Vampiric Bloodlust,2018-06-08,,
12,c3d94e2b-828b-4bee-b11c-4cd446c1be01,Chaos Warp,28,c18,Commander 2018,,2018-08-10,,
12,c3d94e2b-828b-4bee-b11c-4cd446c1be01,Chaos Warp,28,c19,Commander 2019,,2019-08-23,,
12,c3d94e2b-828b-4bee-b11c-4cd446c1be01,Chaos Warp,28,plst,The List,,2019-11-07,,
12,c3d94e2b-828b-4bee-b11c-4cd446c1be01,Chaos Warp,28,c20,Commander 2020,,2020-04-17,,
12,c3d94e2b-828b-4bee-b11c-4cd446c1be01,Chaos Warp,28,afc,Forgotten Realms Commander,,2021-07-23,,
12,c3d94e2b-828b-4bee-b11c-4cd446c1be01,Chaos Warp,28,nec,Neon Dynasty Commander,,2022-02-18,,
12,c3d94e2b-828b-4bee-b11c-4cd446c1be01,Chaos Warp,28,ncc,New Capenna Commander,,2022-04-29,,
12,c3d94e2b-828b-4bee-b11c-4cd446c1be01,Chaos Warp,28,clb,Commander Legends: Battle for Baldur's Gate,,2022-06-10,,
12,c3d94e2b-828b-4bee-b11c-4cd446c1be01,Chaos Warp,28,2x2,Double Masters 2022,,2022-07-08,,
12,c3d94e2b-828b-4bee-b11c-4cd446c1be01,Chaos Warp,28,brc,The Brothers' War Commander,,2022-11-18,,
12,c3d94e2b-828b-4bee-b11c-4cd446c1be01,Chaos Warp,28,scd,Starter Commander Decks,,2022-12-02,,
12,c3d94e2b-828b-4bee-b11c-4cd446c1be01,Chaos Warp,28,moc,March of the Machine Commander,,2023-04-21,,
12,c3d94e2b-828b-4bee-b11c-4cd446c1be01,Chaos Warp,28,lcc,The Lost Caverns of Ixalan Commander,,2023-11-17,,
12,c3d94e2b-828b-4bee-b11c-4cd446c1be01,Chaos Warp,28,mkc,Murders at Karlov Manor Commander,,2024-02-09,,
12,c3d94e2b-828b-4bee-b11c-4cd446c1be01,Chaos Warp,28,otc,Outlaws of Thunder Junction Commander,,2024-04-19,,
12,c3d94e2b-828b-4bee-b11c-4cd446c1be01,Chaos Warp,28,dsc,Duskmourn: House of Horror Commander,,2024-09-27,,
12,c3d94e2b-828b-4bee-b11c-4cd446c1be01,Chaos Warp,28,tdc,Tarkir: Dragonstorm Commander,,2025-04-11,,
13,8218c3fe-62e3-4639-a305-68897194c3d3,Command Tower,28,cmd,Commander 2011,,2011-06-17,,
13,8218c3fe-62e3-4639-a305-68897194c3d3,Command Tower,28,j12,Judge Gift Cards 2012,,2012-01-01,,1
13,8218c3fe-62e3-4639-a305-68897194c3d3,Command Tower,28,c13,Commander 2013,,2013-11-01,,
13,8218c3fe-62e3-4639-a305-68897194c3d3,Command Tower,28,c15,Commander 2015,,2015-11-13,,
13,8218c3fe-62e3-4639-a305-68897194c3d3,Command Tower,28,c16,Commander 2016,,2016-11-11,,
13,8218c3fe-62e3-4639-a305-68897194c3d3,Command Tower,28,cma,Commander Anthology,Commander Anthology: Heavenly Inferno,2017-06-09,,
13,8218c3fe-62e3-4639-a305-68897194c3d3,Command Tower,28,c17,Commander 2017,,2017-08-25,,
13,8218c3fe-62e3-4639-a305-68897194c3d3,Command Tower,28,cm2,Commander Anthology Volume II,Commander Anthology II: Mind Seize,2018-06-08,,
13,8218c3fe-62e3-4639-a305-68897194c3d3,Command Tower,28,c18,Commander 2018,,2018-08-10,,
13,8218c3fe-62e3-4639-a305-68897194c3d3,Command Tower,28,c19,Commander 2019,,2019-08-23,,
13,8218c3fe-62e3-4639-a305-68897194c3d3,Command Tower,28,c20,Commander 2020,,2020-04-17,,
13,8218c3fe-62e3-4639-a305-68897194c3d3,Command Tower,28,znc,Zendikar Rising Commander,,2020-09-25,,
13,8218c3fe-62e3-4639-a305-68897194c3d3,Command Tower,28,plst,The List,,2020-09-26,,
13,8218c3fe-62e3-4639-a305-68897194c3d3,Command Tower,28,cmr,Commander Legends,,2020-11-20,,
13,8218c3fe-62e3-4639-a305-68897194c3d3,Command Tower,28,prm,Magic Online Promos,,2020-12-15,1,1
13,8218c3fe-62e3-4639-a305-68897194c3d3,Command Tower,28,voc,Crimson Vow Commander,,2021-11-19,,
13,8218c3fe-62e3-4639-a305-68897194c3d3,Command Tower,28,nec,Neon Dynasty Commander,,2022-02-18,,
13,8218c3fe-62e3-4639-a305-68897194c3d3,Command Tower,28,brc,The Brothers' War Commander,,2022-11-18,,
13,8218c3fe-62e3-4639-a305-68897194c3d3,Command Tower,28,cmm,Commander Masters,,2023-08-04,,
13,8218c3fe-62e3-4639-a305-68897194c3d3,Command Tower,28,woc,Wilds of Eldraine Commander,,2023-09-08,,
13,8218c3fe-62e3-4639-a305-68897194c3d3,Command Tower,28,mkc,Murders at Karlov Manor Commander,,2024-02-09,,
13,8218c3fe-62e3-4639-a305-68897194c3d3,Command Tower,28,otc,Outlaws of Thunder Junction Commander,,2024-04-19,,
13,8218c3fe-62e3-4639-a305-68897194c3d3,Command Tower,28,m3c,Modern Horizons 3 Commander,,2024-06-14,,
13,8218c3fe-62e3-4639-a305-68897194c3d3,Command Tower,28,fdc,Foundations Commander,,2024-11-15,,
14,dc0df863-735d-4e69-9b00-f91422b8b530,Reliquary Tower,27,con,Conflux,,2009-02-06,,
14,dc0df863-735d-4e69-9b00-f91422b8b530,Reliquary Tower,27,m13,Magic 2013,,2012-07-13,,
14,dc0df863-735d-4e69-9b00-f91422b8b530,Reliquary Tower,27,c14,Commander 2014,,2014-11-07,,
14,dc0df863-735d-4e69-9b00-f91422b8b530,Reliquary Tower,27,c15,Commander 2015,,2015-11-13,,
14,dc0df863-735d-4e69-9b00-f91422b8b530,Reliquary Tower,27,c16,Commander 2016,,2016-11-11,,
14,dc0df863-735d-4e69-9b00-f91422b8b530,Reliquary Tower,27,cm2,Commander Anthology Volume II,Commander Anthology II: Mind Seize,2018-06-08,,
14,dc0df863-735d-4e69-9b00-f91422b8b530,Reliquary Tower,27,m19,Core Set 2019,,2018-07-13,,
14,dc0df863-735d-4e69-9b00-f91422b8b530,Reliquary Tower,27,c19,Commander 2019,,2019-08-23,,
14,dc0df863-735d-4e69-9b00-f91422b8b530,Reliquary Tower,27,plst,The List,,2019-11-07,,
14,dc0df863-735d-4e69-9b00-f91422b8b530,Reliquary Tower,27,c20,Commander 2020,,2020-04-17,,
14,dc0df863-735d-4e69-9b00-f91422b8b530,Reliquary Tower,27,cmr,Commander Legends,,2020-11-20,,
14,dc0df863-735d-4e69-9b00-f91422b8b530,Reliquary Tower,27,prm,Magic Online Promos,,2020-12-15,1,1
14,dc0df863-735d-4e69-9b00-f91422b8b530,Reliquary Tower,27,c21,Commander 2021,,2021-04-23,,
14,dc0df863-735d-4e69-9b00-f91422b8b530,Reliquary Tower,27,clb,Commander Legends: Battle for Baldur's Gate,,2022-06-10,,
14,dc0df863-735d-4e69-9b00-f91422b8b530,Reliquary Tower,27,dmc,Dominaria United Commander,,2022-09-09,,
14,dc0df863-735d-4e69-9b00-f91422b8b530,Reliquary Tower,27,brc,The Brothers' War Commander,,2022-11-18,,
14,dc0df863-735d-4e69-9b00-f91422b8b530,Reliquary Tower,27,cmm,Commander Masters,,2023-08-04,,
14,dc0df863-735d-4e69-9b00-f91422b8b530,Reliquary Tower,27,lcc,The Lost Caverns of Ixalan Commander,,2023-11-17,,
14,dc0df863-735d-4e69-9b00-f91422b8b530,Reliquary Tower,27,mkc,Murders at Karlov Manor Commander,,2024-02-09,,
14,dc0df863-735d-4e69-9b00-f91422b8b530,Reliquary Tower,27,otc,Outlaws of Thunder Junction Commander,,2024-04-19,,
14,dc0df863-735d-4e69-9b00-f91422b8b530,Reliquary Tower,27,m3c,Modern Horizons 3 Commander,,2024-06-14,,
14,dc0df863-735d-4e69-9b00-f91422b8b530,Reliquary Tower,27,mb2,Mystery Booster 2,,2024-08-02,,
14,dc0df863-735d-4e69-9b00-f91422b8b530,Reliquary Tower,27,blc,Bloomburrow Commander,,2024-08-02,,
14,dc0df863-735d-4e69-9b00-f91422b8b530,Reliquary Tower,27,dsc,Duskmourn: House of Horror Commander,,2024-09-27,,
14,dc0df863-735d-4e69-9b00-f91422b8b530,Reliquary Tower,27,tdc,Tarkir: Dragonstorm Commander,,2025-04-11,,
15,521e5f89-b059-432f-b515-c207cccf3796,Path to Exile,25,con,Conflux,,2009-02-06,,
15,521e5f89-b059-432f-b515-c207cccf3796,Path to Exile,25,arc,Archenemy,,2010-06-18,,
15,521e5f89-b059-432f-b515-c207cccf3796,Path to Exile,25,cmd,Commander 2011,,2011-06-17,,
15,521e5f89-b059-432f-b515-c207cccf3796,Path to Exile,25,mma,Modern Masters,,2013-06-07,,
15,521e5f89-b059-432f-b515-c207cccf3796,Path to Exile,25,md1,Modern Event Deck 2014,,2014-05-30,,
15,521e5f89-b059-432f-b515-c207cccf3796,Path to Exile,25,mm3,Modern Masters 2017,,2017-03-17,,
15,521e5f89-b059-432f-b515-c207cccf3796,Path to Exile,25,cma,Commander Anthology,Commander Anthology: Heavenly Inferno,2017-06-09,,
15,521e5f89-b059-432f-b515-c207cccf3796,Path to Exile,25,e02,Explorers of Ixalan,,2017-11-24,,
15,521e5f89-b059-432f-b515-c207cccf3796,Path to Exile,25,plst,The List,,2019-11-07,,
15,521e5f89-b059-432f-b515-c207cccf3796,Path to Exile,25,jmp,Jumpstart,,2020-07-17,,
15,521e5f89-b059-432f-b515-c207cccf3796,Path to Exile,25,2xm,Double Masters,,2020-08-07,,
15,521e5f89-b059-432f-b515-c207cccf3796,Path to Exile,25,tsr,Time Spiral Remastered,,2021-03-19,,
15,521e5f89-b059-432f-b515-c207cccf3796,Path to Exile,25,ncc,New Capenna Commander,,2022-04-29,,
15,521e5f89-b059-432f-b515-c207cccf3796,Path to Exile,25,dmc,Dominaria United Commander,,2022-09-09,,
15,521e5f89-b059-432f-b515-c207cccf3796,Path to Exile,25,gn3,Game Night: Free-for-All,,2022-10-14,,
15,521e5f89-b059-432f-b515-c207cccf3796,Path to Exile,25,scd,Starter Commander Decks,,2022-12-02,,
15,521e5f89-b059-432f-b515-c207cccf3796,Path to Exile,25,onc,Phyrexia: All Will Be One Commander,,2023-02-10,,
15,521e5f89-b059-432f-b515-c207cccf3796,Path to Exile,25,moc,March of the Machine Commander,,2023-04-21,,
15,521e5f89-b059-432f-b515-c207cccf3796,Path to Exile,25,cmm,Commander Masters,,2023-08-04,,
15,521e5f89-b059-432f-b515-c207cccf3796,Path to Exile,25,lcc,The Lost Caverns of Ixalan Commander,,2023-11-17,,
15,521e5f89-b059-432f-b515-c207cccf3796,Path to Exile,25,mkc,Murders at Karlov Manor Commander,,2024-02-09,,
15,521e5f89-b059-432f-b515-c207cccf3796,Path to Exile,25,otc,Outlaws of Thunder Junction Commander,,2024-04-19,,
15,521e5f89-b059-432f-b515-c207cccf3796,Path to Exile,25,omb,Through the Omenpaths Bonus Sheet,,2025-09-23,1,
15,521e5f89-b059-432f-b515-c207cccf3796,Path to Exile,25,ecc,Lorwyn Eclipsed Commander,,2026-01-23,,
16,315c60c8-d520-453e-a500-f9968d4683fa,Rogue's Passage,25,rtr,Return to Ravnica,,2012-10-05,,
16,315c60c8-d520-453e-a500-f9968d4683fa,Rogue's Passage,25,ddm,Duel Decks: Jace vs. Vraska,,2014-03-14,,
16,315c60c8-d520-453e-a500-f9968d4683fa,Rogue's Passage,25,ori,Magic Origins,,2015-07-17,,
16,315c60c8-d520-453e-a500-f9968d4683fa,Rogue's Passage,25,c15,Commander 2015,,2015-11-13,,
16,315c60c8-d520-453e-a500-f9968d4683fa,Rogue's Passage,25,cn2,Conspiracy: Take the Crown,,2016-08-26,,
16,315c60c8-d520-453e-a500-f9968d4683fa,Rogue's Passage,25,c17,Commander 2017,,2017-08-25,,
16,315c60c8-d520-453e-a500-f9968d4683fa,Rogue's Passage,25,uma,Ultimate Masters,,2018-12-07,,
16,315c60c8-d520-453e-a500-f9968d4683fa,Rogue's Passage,25,c19,Commander 2019,,2019-08-23,,
16,315c60c8-d520-453e-a500-f9968d4683fa,Rogue's Passage,25,plst,The List,,2019-11-07,,
16,315c60c8-d520-453e-a500-f9968d4683fa,Rogue's Passage,25,c20,Commander 2020,,2020-04-17,,
16,315c60c8-d520-453e-a500-f9968d4683fa,Rogue's Passage,25,znc,Zendikar Rising Commander,,2020-09-25,,
16,315c60c8-d520-453e-a500-f9968d4683fa,Rogue's Passage,25,cmr,Commander Legends,,2020-11-20,,
16,315c60c8-d520-453e-a500-f9968d4683fa,Rogue's Passage,25,c21,Commander 2021,,2021-04-23,,
16,315c60c8-d520-453e-a500-f9968d4683fa,Rogue's Passage,25,mic,Midnight Hunt Commander,,2021-09-24,,
16,315c60c8-d520-453e-a500-f9968d4683fa,Rogue's Passage,25,ncc,New Capenna Commander,,2022-04-29,,
16,315c60c8-d520-453e-a500-f9968d4683fa,Rogue's Passage,25,clb,Commander Legends: Battle for Baldur's Gate,,2022-06-10,,
16,315c60c8-d520-453e-a500-f9968d4683fa,Rogue's Passage,25,moc,March of the Machine Commander,,2023-04-21,,
16,315c60c8-d520-453e-a500-f9968d4683fa,Rogue's Passage,25,cmm,Commander Masters,,2023-08-04,,
16,315c60c8-d520-453e-a500-f9968d4683fa,Rogue's Passage,25,lcc,The Lost Caverns of Ixalan Commander,,2023-11-17,,
16,315c60c8-d520-453e-a500-f9968d4683fa,Rogue's Passage,25,pw24,Wizards Play Network 2024,,2024-01-01,,1
16,315c60c8-d520-453e-a500-f9968d4683fa,Rogue's Passage,25,mkc,Murders at Karlov Manor Commander,,2024-02-09,,
16,315c60c8-d520-453e-a500-f9968d4683fa,Rogue's Passage,25,otc,Outlaws of Thunder Junction Commander,,2024-04-19,,
16,315c60c8-d520-453e-a500-f9968d4683fa,Rogue's Passage,25,fdn,Foundations,,2024-11-15,,
16,315c60c8-d520-453e-a500-f9968d4683fa,Rogue's Passage,25,pio,Pioneer Masters,,2024-12-10,1,
17,a3e383e7-9392-4444-8067-620277d586af,Fellwar Stone,25,9ed,Ninth Edition,,2005-07-29,,
17,a3e383e7-9392-4444-8067-620277d586af,Fellwar Stone,25,cmd,Commander 2011,,2011-06-17,,
17,a3e383e7-9392-4444-8067-620277d586af,Fellwar Stone,25,c15,Commander 2015,,2015-11-13,,
17,a3e383e7-9392-4444-8067-620277d586af,Fellwar Stone,25,c16,Commander 2016,,2016-11-11,,
17,a3e383e7-9392-4444-8067-620277d586af,Fellwar Stone,25,c17,Commander 2017,,2017-08-25,,
17,a3e383e7-9392-4444-8067-620277d586af,Fellwar Stone,25,cm2,Commander Anthology Volume II,Commander Anthology II: Mind Seize,2018-06-08,,
17,a3e383e7-9392-4444-8067-620277d586af,Fellwar Stone,25,plst,The List,,2020-09-01,,
17,a3e383e7-9392-4444-8067-620277d586af,Fellwar Stone,25,afc,Forgotten Realms Commander,,2021-07-23,,
17,a3e383e7-9392-4444-8067-620277d586af,Fellwar Stone,25,nec,Neon Dynasty Commander,,2022-02-18,,
17,a3e383e7-9392-4444-8067-620277d586af,Fellwar Stone,25,ncc,New Capenna Commander,,2022-04-29,,
17,a3e383e7-9392-4444-8067-620277d586af,Fellwar Stone,25,clb,Commander Legends: Battle for Baldur's Gate,,2022-06-10,,
17,a3e383e7-9392-4444-8067-620277d586af,Fellwar Stone,25,dmc,Dominaria United Commander,,2022-09-09,,
17,a3e383e7-9392-4444-8067-620277d586af,Fellwar Stone,25,brc,The Brothers' War Commander,,2022-11-18,,
17,a3e383e7-9392-4444-8067-620277d586af,Fellwar Stone,25,onc,Phyrexia: All Will Be One Commander,,2023-02-10,,
17,a3e383e7-9392-4444-8067-620277d586af,Fellwar Stone,25,moc,March of the Machine Commander,,2023-04-21,,
17,a3e383e7-9392-4444-8067-620277d586af,Fellwar Stone,25,cmm,Commander Masters,,2023-08-04,,
17,a3e383e7-9392-4444-8067-620277d586af,Fellwar Stone,25,woc,Wilds of Eldraine Commander,,2023-09-08,,
17,a3e383e7-9392-4444-8067-620277d586af,Fellwar Stone,25,mkc,Murders at Karlov Manor Commander,,2024-02-09,,
17,a3e383e7-9392-4444-8067-620277d586af,Fellwar Stone,25,otc,Outlaws of Thunder Junction Commander,,2024-04-19,,
17,a3e383e7-9392-4444-8067-620277d586af,Fellwar Stone,25,blc,Bloomburrow Commander,,2024-08-02,,
17,a3e383e7-9392-4444-8067-620277d586af,Fellwar Stone,25,dsc,Duskmourn: House of Horror Commander,,2024-09-27,,
17,a3e383e7-9392-4444-8067-620277d586af,Fellwar Stone,25,tdc,Tarkir: Dragonstorm Commander,,2025-04-11,,
17,a3e383e7-9392-4444-8067-620277d586af,Fellwar Stone,25,ecc,Lorwyn Eclipsed Commander,,2026-01-23,,
18,639d76fb-b677-428b-9278-de3332c07e25,Dimir Aqueduct,24,rav,Ravnica: City of Guilds,,2005-10-07,,
18,639d76fb-b677-428b-9278-de3332c07e25,Dimir Aqueduct,24,cmd,Commander 2011,,2011-06-17,,
18,639d76fb-b677-428b-9278-de3332c07e25,Dimir Aqueduct,24,pc2,Planechase 2012,,2012-06-01,,
18,639d76fb-b677-428b-9278-de3332c07e25,Dimir Aqueduct,24,mm2,Modern Masters 2015,,2015-05-22,,
18,639d76fb-b677-428b-9278-de3332c07e25,Dimir Aqueduct,24,c16,Commander 2016,,2016-11-11,,
18,639d76fb-b677-428b-9278-de3332c07e25,Dimir Aqueduct,24,pca,Planechase Anthology,Planechase Anthology,2016-11-25,,
18,639d76fb-b677-428b-9278-de3332c07e25,Dimir Aqueduct,24,c17,Commander 2017,,2017-08-25,,
18,639d76fb-b677-428b-9278-de3332c07e25,Dimir Aqueduct,24,ima,Iconic Masters,,2017-11-17,,
18,639d76fb-b677-428b-9278-de3332c07e25,Dimir Aqueduct,24,cm2,Commander Anthology Volume II,Commander Anthology II: Mind Seize,2018-06-08,,
18,639d76fb-b677-428b-9278-de3332c07e25,Dimir Aqueduct,24,c18,Commander 2018,,2018-08-10,,
18,639d76fb-b677-428b-9278-de3332c07e25,Dimir Aqueduct,24,gk1,GRN Guild Kit,,2018-11-02,,
18,639d76fb-b677-428b-9278-de3332c07e25,Dimir Aqueduct,24,c19,Commander 2019,,2019-08-23,,
18,639d76fb-b677-428b-9278-de3332c07e25,Dimir Aqueduct,24,c20,Commander 2020,,2020-04-17,,
18,639d76fb-b677-428b-9278-de3332c07e25,Dimir Aqueduct,24,znc,Zendikar Rising Commander,,2020-09-25,,
18,639d76fb-b677-428b-9278-de3332c07e25,Dimir Aqueduct,24,afc,Forgotten Realms Commander,,2021-07-23,,
18,639d76fb-b677-428b-9278-de3332c07e25,Dimir Aqueduct,24,mic,Midnight Hunt Commander,,2021-09-24,,
18,639d76fb-b677-428b-9278-de3332c07e25,Dimir Aqueduct,24,clb,Commander Legends: Battle for Baldur's Gate,,2022-06-10,,
18,639d76fb-b677-428b-9278-de3332c07e25,Dimir Aqueduct,24,2x2,Double Masters 2022,,2022-07-08,,
18,639d76fb-b677-428b-9278-de3332c07e25,Dimir Aqueduct,24,brc,The Brothers' War Commander,,2022-11-18,,
18,639d76fb-b677-428b-9278-de3332c07e25,Dimir Aqueduct,24,woc,Wilds of Eldraine Commander,,2023-09-08,,
18,639d76fb-b677-428b-9278-de3332c07e25,Dimir Aqueduct,24,mkc,Murders at Karlov Manor Commander,,2024-02-09,,
18,639d76fb-b677-428b-9278-de3332c07e25,Dimir Aqueduct,24,clu,Ravnica: Clue Edition,,2024-02-23,,
18,639d76fb-b677-428b-9278-de3332c07e25,Dimir Aqueduct,24,otc,Outlaws of Thunder Junction Commander,,2024-04-19,,
18,639d76fb-b677-428b-9278-de3332c07e25,Dimir Aqueduct,24,dsc,Duskmourn: House of Horror Commander,,2024-09-27,,
19,ca3fcecb-a2af-45bf-9dfd-f3e2d045c4e8,Orzhov Basilica,24,gpt,Guildpact,,2006-02-03,,
19,ca3fcecb-a2af-45bf-9dfd-f3e2d045c4e8,Orzhov Basilica,24,cmd,Commander 2011,,2011-06-17,,
19,ca3fcecb-a2af-45bf-9dfd-f3e2d045c4e8,Orzhov Basilica,24,c13,Commander 2013,,2013-11-01,,
19,ca3fcecb-a2af-45bf-9dfd-f3e2d045c4e8,Orzhov Basilica,24,mm2,Modern Masters 2015,,2015-05-22,,
19,ca3fcecb-a2af-45bf-9dfd-f3e2d045c4e8,Orzhov Basilica,24,c15,Commander 2015,,2015-11-13,,
19,ca3fcecb-a2af-45bf-9dfd-f3e2d045c4e8,Orzhov Basilica,24,c16,Commander 2016,,2016-11-11,,
19,ca3fcecb-a2af-45bf-9dfd-f3e2d045c4e8,Orzhov Basilica,24,cma,Commander Anthology,Commander Anthology: Heavenly Inferno,2017-06-09,,
19,ca3fcecb-a2af-45bf-9dfd-f3e2d045c4e8,Orzhov Basilica,24,c17,Commander 2017,,2017-08-25,,
19,ca3fcecb-a2af-45bf-9dfd-f3e2d045c4e8,Orzhov Basilica,24,ima,Iconic Masters,,2017-11-17,,
19,ca3fcecb-a2af-45bf-9dfd-f3e2d045c4e8,Orzhov Basilica,24,c18,Commander 2018,,2018-08-10,,
19,ca3fcecb-a2af-45bf-9dfd-f3e2d045c4e8,Orzhov Basilica,24,gk2,RNA Guild Kit,,2019-02-15,,
19,ca3fcecb-a2af-45bf-9dfd-f3e2d045c4e8,Orzhov Basilica,24,plst,The List,,2019-11-07,,
19,ca3fcecb-a2af-45bf-9dfd-f3e2d045c4e8,Orzhov Basilica,24,c20,Commander 2020,,2020-04-17,,
19,ca3fcecb-a2af-45bf-9dfd-f3e2d045c4e8,Orzhov Basilica,24,c21,Commander 2021,,2021-04-23,,
19,ca3fcecb-a2af-45bf-9dfd-f3e2d045c4e8,Orzhov Basilica,24,afc,Forgotten Realms Commander,,2021-07-23,,
19,ca3fcecb-a2af-45bf-9dfd-f3e2d045c4e8,Orzhov Basilica,24,clb,Commander Legends: Battle for Baldur's Gate,,2022-06-10,,
19,ca3fcecb-a2af-45bf-9dfd-f3e2d045c4e8,Orzhov Basilica,24,2x2,Double Masters 2022,,2022-07-08,,
19,ca3fcecb-a2af-45bf-9dfd-f3e2d045c4e8,Orzhov Basilica,24,dmc,Dominaria United Commander,,2022-09-09,,
19,ca3fcecb-a2af-45bf-9dfd-f3e2d045c4e8,Orzhov Basilica,24,brc,The Brothers' War Commander,,2022-11-18,,
19,ca3fcecb-a2af-45bf-9dfd-f3e2d045c4e8,Orzhov Basilica,24,cmm,Commander Masters,,2023-08-04,,
19,ca3fcecb-a2af-45bf-9dfd-f3e2d045c4e8,Orzhov Basilica,24,lcc,The Lost Caverns of Ixalan Commander,,2023-11-17,,
19,ca3fcecb-a2af-45bf-9dfd-f3e2d045c4e8,Orzhov Basilica,24,clu,Ravnica: Clue Edition,,2024-02-23,,
19,ca3fcecb-a2af-45bf-9dfd-f3e2d045c4e8,Orzhov Basilica,24,dsc,Duskmourn: House of Horror Commander,,2024-09-27,,
19,ca3fcecb-a2af-45bf-9dfd-f3e2d045c4e8,Orzhov Basilica,24,drc,Aetherdrift Commander,,2025-02-14,,
20,7e690845-0e99-4e38-a642-f312e2dd8612,Myriad Landscape,24,c14,Commander 2014,,2014-11-07,,
20,7e690845-0e99-4e38-a642-f312e2dd8612,Myriad Landscape,24,c16,Commander 2016,,2016-11-11,,
20,7e690845-0e99-4e38-a642-f312e2dd8612,Myriad Landscape,24,cma,Commander Anthology,Commander Anthology: Heavenly Inferno,2017-06-09,,
20,7e690845-0e99-4e38-a642-f312e2dd8612,Myriad Landscape,24,c17,Commander 2017,,2017-08-25,,
20,7e690845-0e99-4e38-a642-f312e2dd8612,Myriad Landscape,24,a25,Masters 25,,2018-03-16,,
20,7e690845-0e99-4e38-a642-f312e2dd8612,Myriad Landscape,24,c18,Commander 2018,,2018-08-10,,
20,7e690845-0e99-4e38-a642-f312e2dd8612,Myriad Landscape,24,c19,Commander 2019,,2019-08-23,,
20,7e690845-0e99-4e38-a642-f312e2dd8612,Myriad Landscape,24,c20,Commander 2020,,2020-04-17,,
20,7e690845-0e99-4e38-a642-f312e2dd8612,Myriad Landscape,24,plst,The List,,2020-09-26,,
20,7e690845-0e99-4e38-a642-f312e2dd8612,Myriad Landscape,24,cmr,Commander Legends,,2020-11-20,,
20,7e690845-0e99-4e38-a642-f312e2dd8612,Myriad Landscape,24,prm,Magic Online Promos,,2020-12-15,1,1
20,7e690845-0e99-4e38-a642-f312e2dd8612,Myriad Landscape,24,khc,Kaldheim Commander,,2021-02-05,,
20,7e690845-0e99-4e38-a642-f312e2dd8612,Myriad Landscape,24,voc,Crimson Vow Commander,,2021-11-19,,
20,7e690845-0e99-4e38-a642-f312e2dd8612,Myriad Landscape,24,brc,The Brothers' War Commander,,2022-11-18,,
20,7e690845-0e99-4e38-a642-f312e2dd8612,Myriad Landscape,24,cmm,Commander Masters,,2023-08-04,,
20,7e690845-0e99-4e38-a642-f312e2dd8612,Myriad Landscape,24,woc,Wilds of Eldraine Commander,,2023-09-08,,
20,7e690845-0e99-4e38-a642-f312e2dd8612,Myriad Landscape,24,lcc,The Lost Caverns of Ixalan Commander,,2023-11-17,,
20,7e690845-0e99-4e38-a642-f312e2dd8612,Myriad Landscape,24,mkc,Murders at Karlov Manor Commander,,2024-02-09,,
20,7e690845-0e99-4e38-a642-f312e2dd8612,Myriad Landscape,24,m3c,Modern Horizons 3 Commander,,2024-06-14,,
20,7e690845-0e99-4e38-a642-f312e2dd8612,Myriad Landscape,24,dsc,Duskmourn: House of Horror Commander,,2024-09-27,,
20,7e690845-0e99-4e38-a642-f312e2dd8612,Myriad Landscape,24,tdc,Tarkir: Dragonstorm Commander,,2025-04-11,,
20,7e690845-0e99-4e38-a642-f312e2dd8612,Myriad Landscape,24,eoc,Edge of Eternities Commander,,2025-08-01,,
